{"complete_acc":72.49333489437898,"_wandb":{"runtime":571},"_timestamp":1.750110016495035e+09,"_runtime":571.865594,"_step":0,"recon_loss":0.08262742310762405}