{"recon_loss":0.06063690409064293,"_timestamp":1.741191256995439e+09,"_runtime":476.924243,"_step":1,"_wandb":{"runtime":794}}