{"_timestamp":1.75034509117225e+09,"_runtime":1163.08517,"_step":0,"_wandb":{"runtime":1163},"recon_loss":0.06656482815742493,"complete_acc":92.60444671909013}