{"complete_acc":72.7888904462258,"_timestamp":1.750347543089364e+09,"_runtime":740.873286,"_wandb":{"runtime":740},"_step":0,"recon_loss":0.08375636488199234}