{"recon_loss":0.04407608136534691,"_wandb":{"runtime":2958},"complete_acc":75.34666829307875,"_timestamp":1.741195302466905e+09,"_runtime":2958.170958,"_step":4}