{"recon_loss":0.07135274261236191,"complete_acc":40.16888984789451,"_timestamp":1.74982986567229e+09,"_runtime":398.218215,"_wandb":{"runtime":441},"_step":1}